,order_id,customer_id,order_date,status,payment_type
0,6,2005,2025-01-14,completed,card
1,58,1817,2025-01-01,completed,wallet
2,66,2195,2025-01-26,completed,card
3,75,2033,2025-01-10,completed,cod
4,106,2496,2025-01-03,completed,card
5,145,481,2025-01-09,completed,atm
6,146,1919,2025-01-15,completed,atm
7,158,2077,2025-01-11,completed,wallet
8,173,463,2025-01-12,completed,card
9,178,943,2025-01-12,completed,wallet
10,190,102,2025-01-08,completed,card
11,194,1802,2025-01-09,completed,card
12,226,2343,2025-01-02,completed,wallet
13,233,708,2025-01-22,completed,atm
14,263,1857,2025-01-13,completed,card
15,299,39,2025-01-03,completed,card
16,304,881,2025-01-23,completed,atm
17,326,920,2025-01-19,completed,atm
18,393,1978,2025-01-24,completed,card
19,461,397,2025-01-30,completed,wallet
20,471,1169,2025-01-27,completed,atm
21,509,1609,2025-01-23,completed,card
22,518,2138,2025-01-17,completed,atm
23,528,2380,2025-01-13,completed,atm
24,588,1472,2025-01-12,completed,cod
25,605,1414,2025-01-06,completed,wallet
26,614,1632,2025-01-16,completed,card
27,659,858,2025-01-26,completed,atm
28,695,392,2025-01-02,completed,card
29,718,1005,2025-01-20,completed,wallet
30,719,1472,2025-01-01,completed,atm
31,773,486,2025-01-01,completed,atm
32,806,1395,2025-01-17,completed,card
33,873,1107,2025-01-19,completed,wallet
34,948,829,2025-01-09,completed,atm
35,970,2119,2025-01-25,completed,card
36,993,2174,2025-01-07,completed,card
37,997,1757,2025-01-22,completed,card
38,1027,1889,2025-01-01,completed,card
39,1055,1579,2025-01-31,completed,wallet
40,1082,899,2025-01-26,completed,wallet
41,1096,1587,2025-01-16,cancelled,card
42,1167,368,2025-01-03,completed,cod
43,1172,1555,2025-01-12,completed,card
44,1184,1320,2025-01-20,completed,wallet
45,1199,2243,2025-01-31,completed,wallet
46,1221,1926,2025-01-05,completed,wallet
47,1225,701,2025-01-03,completed,card
48,1229,1188,2025-01-17,cancelled,card
49,1238,1699,2025-01-24,completed,card
50,1280,1256,2025-01-17,completed,card
51,1288,652,2025-01-31,completed,card
52,1303,174,2025-01-12,completed,card
53,1309,1079,2025-01-02,completed,card
54,1313,690,2025-01-27,completed,card
55,1336,1178,2025-01-16,completed,wallet
56,1352,1799,2025-01-07,completed,cod
57,1390,1555,2025-01-24,cancelled,card
58,1397,2058,2025-01-04,completed,card
59,1414,994,2025-01-26,completed,cod
60,1416,2331,2025-01-08,completed,card
61,1487,1917,2025-01-05,completed,atm
62,1550,1718,2025-01-22,completed,card
63,1639,1578,2025-01-27,completed,atm
64,1686,243,2025-01-06,completed,card
65,1711,1360,2025-01-08,completed,card
66,1765,346,2025-01-29,completed,card
67,1770,1922,2025-01-26,completed,card
68,1781,145,2025-01-03,completed,card
69,1805,729,2025-01-22,completed,atm
70,1816,1709,2025-01-17,completed,wallet
71,1866,1580,2025-01-09,completed,atm
72,1874,954,2025-01-22,completed,card
73,1875,1750,2025-01-08,completed,card
74,1902,446,2025-01-28,completed,card
75,1915,1913,2025-01-12,completed,atm
76,1917,365,2025-01-03,completed,cod
77,1924,2059,2025-01-15,completed,card
78,1940,1059,2025-01-01,completed,card
79,1941,2471,2025-01-03,completed,card
80,1950,820,2025-01-22,completed,card
81,1951,175,2025-01-05,completed,atm
82,1995,435,2025-01-08,completed,wallet
83,2025,1952,2025-01-13,completed,card
84,2052,225,2025-01-30,completed,wallet
85,2068,2063,2025-01-19,completed,cod
86,2131,2236,2025-01-07,completed,wallet
87,2246,619,2025-01-01,completed,atm
88,2279,1675,2025-01-15,completed,card
89,2311,1086,2025-01-23,completed,atm
90,2332,1268,2025-01-23,completed,card
91,2372,2220,2025-01-28,refunded,cod
92,2392,208,2025-01-03,completed,atm
93,2421,376,2025-01-19,completed,card
94,2423,1949,2025-01-01,completed,wallet
95,2425,1287,2025-01-17,completed,atm
96,2465,1712,2025-01-06,completed,card
97,2470,2013,2025-01-10,completed,card
98,2525,45,2025-01-25,completed,cod
99,2569,2238,2025-01-26,completed,wallet
100,2573,2061,2025-01-12,completed,atm
101,2576,693,2025-01-30,completed,card
102,2658,1513,2025-01-13,completed,cod
103,2661,1344,2025-01-03,cancelled,cod
104,2667,2096,2025-01-17,completed,wallet
105,2668,773,2025-01-11,completed,card
106,2676,125,2025-01-25,completed,card
107,2738,1345,2025-01-13,completed,atm
108,2772,2032,2025-01-24,completed,card
109,2794,2144,2025-01-20,refunded,card
110,2827,575,2025-01-08,completed,cod
111,2831,2370,2025-01-11,completed,wallet
112,2839,2147,2025-01-19,completed,card
113,2869,595,2025-01-11,completed,card
114,2899,828,2025-01-29,completed,wallet
115,2923,332,2025-01-18,completed,atm
116,2988,1430,2025-01-18,completed,card
117,2995,2362,2025-01-17,completed,card
118,3012,2337,2025-01-14,completed,wallet
119,3053,2203,2025-01-09,completed,cod
120,3057,1909,2025-01-03,completed,wallet
121,3061,1411,2025-01-12,completed,card
122,3063,2377,2025-01-11,completed,card
123,3064,1887,2025-01-01,completed,card
124,3072,1071,2025-01-04,completed,wallet
125,3087,1297,2025-01-12,cancelled,atm
126,3118,1831,2025-01-26,completed,cod
127,3122,554,2025-01-29,completed,card
128,3152,1115,2025-01-16,completed,card
129,3154,289,2025-01-30,completed,atm
130,3159,1655,2025-01-08,completed,atm
131,3202,331,2025-01-24,completed,cod
132,3209,2210,2025-01-21,completed,wallet
133,3211,94,2025-01-26,cancelled,cod
134,3222,991,2025-01-28,cancelled,atm
135,3223,2314,2025-01-30,completed,card
136,3232,1404,2025-01-31,completed,card
137,3235,1004,2025-01-11,completed,cod
138,3237,612,2025-01-29,completed,card
139,3257,506,2025-01-18,completed,card
140,3267,729,2025-01-13,completed,card
141,3323,2037,2025-01-28,completed,wallet
142,3335,418,2025-01-22,completed,card
143,3343,925,2025-01-06,completed,atm
144,3357,2324,2025-01-16,completed,atm
145,3434,140,2025-01-30,completed,atm
146,3472,2043,2025-01-25,completed,cod
147,3510,2461,2025-01-14,completed,cod
148,3517,1857,2025-01-27,completed,atm
149,3533,1372,2025-01-19,completed,card
150,3535,224,2025-01-04,refunded,card
151,3562,1637,2025-01-09,completed,card
152,3633,963,2025-01-26,completed,atm
153,3686,2383,2025-01-15,cancelled,atm
154,3699,564,2025-01-25,completed,card
155,3715,1508,2025-01-26,completed,card
156,3749,2091,2025-01-03,completed,card
157,3824,747,2025-01-06,completed,atm
158,3830,528,2025-01-30,completed,atm
159,3836,648,2025-01-31,completed,card
160,3904,248,2025-01-17,completed,wallet
161,3979,155,2025-01-12,completed,card
162,3990,1074,2025-01-27,completed,atm
163,4033,1593,2025-01-06,completed,atm
164,4072,854,2025-01-03,cancelled,card
165,4079,1765,2025-01-19,completed,atm
166,4110,1747,2025-01-17,completed,card
167,4237,717,2025-01-04,completed,wallet
168,4272,1963,2025-01-11,completed,card
169,4283,852,2025-01-06,completed,atm
170,4299,74,2025-01-03,completed,card
171,4361,1423,2025-01-31,completed,card
172,4433,1813,2025-01-21,completed,card
173,4449,950,2025-01-28,completed,card
174,4468,1852,2025-01-15,completed,wallet
175,4471,727,2025-01-28,completed,atm
176,4476,219,2025-01-17,completed,card
177,4496,409,2025-01-01,completed,cod
178,4500,1841,2025-01-19,completed,cod
179,4513,765,2025-01-29,completed,atm
180,4514,1582,2025-01-06,completed,card
181,4534,932,2025-01-21,completed,card
182,4535,2009,2025-01-20,completed,card
183,4561,1795,2025-01-24,completed,atm
184,4581,617,2025-01-31,completed,card
185,4592,349,2025-01-02,completed,card
186,4663,105,2025-01-14,completed,card
187,4664,1136,2025-01-16,completed,card
188,4682,25,2025-01-08,completed,card
189,4697,1002,2025-01-10,completed,card
190,4764,104,2025-01-26,completed,wallet
191,4788,933,2025-01-07,completed,card
192,4796,2125,2025-01-22,completed,cod
193,4798,1337,2025-01-05,refunded,wallet
194,4803,2312,2025-01-06,completed,atm
195,4843,901,2025-01-03,completed,card
196,4882,647,2025-01-11,completed,atm
197,4891,2326,2025-01-15,completed,atm
198,4905,1458,2025-01-16,refunded,card
199,4913,1235,2025-01-15,completed,card
200,4930,1989,2025-01-04,completed,card
201,4938,1422,2025-01-05,completed,card
202,5007,1631,2025-01-20,completed,wallet
203,5022,2466,2025-01-19,completed,cod
204,5027,1520,2025-01-21,completed,card
205,5175,831,2025-01-15,cancelled,card
206,5186,1058,2025-01-04,completed,atm
207,5236,481,2025-01-09,completed,atm
208,5242,1384,2025-01-05,completed,card
209,5253,1939,2025-01-26,cancelled,card
210,5296,385,2025-01-19,cancelled,atm
211,5298,541,2025-01-16,completed,wallet
212,5375,1,2025-01-31,completed,card
213,5476,1315,2025-01-24,completed,card
214,5534,107,2025-01-10,completed,wallet
215,5541,872,2025-01-10,completed,cod
216,5573,2225,2025-01-16,completed,card
217,5576,2373,2025-01-24,completed,card
218,5598,531,2025-01-31,completed,card
219,5621,360,2025-01-01,completed,wallet
220,5632,358,2025-01-13,completed,card
221,5634,2353,2025-01-25,completed,cod
222,5635,1784,2025-01-11,completed,card
223,5647,421,2025-01-06,completed,card
224,5660,1422,2025-01-27,completed,atm
225,5666,2491,2025-01-25,completed,wallet
226,5673,1942,2025-01-04,completed,atm
227,5679,316,2025-01-16,completed,card
228,5695,2487,2025-01-22,completed,card
229,5743,280,2025-01-02,completed,atm
230,5744,1780,2025-01-04,completed,card
231,5774,1377,2025-01-16,completed,card
232,5795,1134,2025-01-08,completed,atm
233,5822,924,2025-01-18,completed,cod
234,5828,922,2025-01-03,completed,atm
235,5837,1367,2025-01-08,completed,atm
236,5857,305,2025-01-06,completed,atm
237,6025,1781,2025-01-15,completed,atm
238,6036,1079,2025-01-11,completed,card
239,6042,606,2025-01-26,completed,card
240,6047,1363,2025-01-30,completed,card
241,6061,476,2025-01-12,completed,card
242,6071,368,2025-01-13,completed,card
243,6088,495,2025-01-14,completed,card
244,6095,2412,2025-01-15,completed,card
245,6102,1021,2025-01-13,completed,wallet
246,6114,1160,2025-01-10,completed,card
247,6118,1108,2025-01-10,completed,card
248,6161,712,2025-01-05,completed,cod
249,6170,598,2025-01-01,completed,card
250,6174,2179,2025-01-16,completed,atm
251,6207,64,2025-01-18,completed,card
252,6261,2005,2025-01-02,completed,card
253,6272,73,2025-01-07,completed,card
254,6359,1966,2025-01-27,completed,card
255,6382,707,2025-01-28,completed,card
256,6383,779,2025-01-26,completed,card
257,6384,2412,2025-01-18,completed,card
258,6410,453,2025-01-31,completed,card
259,6430,904,2025-01-20,completed,card
260,6440,1310,2025-01-23,completed,card
261,6487,1530,2025-01-25,completed,wallet
262,6563,1668,2025-01-01,completed,wallet
263,6569,2423,2025-01-27,completed,atm
264,6599,154,2025-01-22,completed,card
265,6617,2349,2025-01-22,completed,wallet
266,6640,564,2025-01-10,completed,card
267,6646,415,2025-01-17,completed,card
268,6650,1619,2025-01-05,completed,card
269,6670,441,2025-01-02,refunded,atm
270,6672,2412,2025-01-10,cancelled,atm
271,6705,2361,2025-01-18,completed,card
272,6709,2485,2025-01-23,completed,card
273,6733,844,2025-01-05,completed,card
274,6762,1257,2025-01-21,completed,card
275,6768,1363,2025-01-20,completed,cod
276,6869,127,2025-01-21,completed,atm
277,6874,1863,2025-01-12,completed,atm
278,6891,1342,2025-01-06,completed,card
279,6917,555,2025-01-04,completed,card
280,7014,2210,2025-01-01,cancelled,card
281,7023,459,2025-01-15,completed,wallet
282,7095,1037,2025-01-07,cancelled,card
283,7096,1000,2025-01-14,completed,cod
284,7098,715,2025-01-17,completed,atm
285,7142,2031,2025-01-25,completed,card
286,7238,2465,2025-01-25,completed,atm
287,7239,1209,2025-01-23,completed,card
288,7259,1845,2025-01-21,completed,card
289,7268,1289,2025-01-18,completed,card
290,7283,1590,2025-01-21,completed,cod
291,7337,84,2025-01-30,completed,atm
292,7369,1567,2025-01-08,completed,atm
293,7443,500,2025-01-02,completed,wallet
294,7495,2282,2025-01-19,completed,card
295,7519,649,2025-01-04,completed,card
296,7520,1695,2025-01-27,completed,card
297,7523,1868,2025-01-23,completed,atm
298,7530,815,2025-01-22,completed,wallet
299,7567,1834,2025-01-20,completed,wallet
300,7614,1562,2025-01-22,completed,cod
301,7618,540,2025-01-20,completed,card
302,7671,964,2025-01-21,completed,wallet
303,7695,1655,2025-01-02,completed,card
304,7711,1806,2025-01-18,refunded,cod
305,7731,580,2025-01-11,completed,cod
306,7740,170,2025-01-17,completed,atm
307,7785,1552,2025-01-05,completed,card
308,7790,248,2025-01-16,completed,card
309,7795,684,2025-01-27,completed,card
310,7798,1452,2025-01-28,completed,atm
311,7822,890,2025-01-31,completed,card
312,7825,1407,2025-01-26,completed,atm
313,7843,1953,2025-01-19,completed,card
314,7858,1514,2025-01-16,completed,card
315,7874,2142,2025-01-21,completed,card
316,7892,1500,2025-01-24,completed,card
317,7908,219,2025-01-03,completed,wallet
318,7921,1762,2025-01-22,completed,atm
319,7996,397,2025-01-04,completed,atm
320,8015,696,2025-01-09,cancelled,card
321,8088,1803,2025-01-23,completed,card
322,8101,1540,2025-01-04,completed,card
323,8103,2201,2025-01-02,completed,wallet
324,8116,86,2025-01-30,completed,atm
325,8128,2300,2025-01-05,completed,card
326,8162,1539,2025-01-06,completed,wallet
327,8198,1323,2025-01-23,completed,wallet
328,8245,1,2025-01-22,completed,card
329,8249,31,2025-01-15,completed,atm
330,8300,2290,2025-01-06,completed,atm
331,8316,683,2025-01-23,completed,atm
332,8327,1107,2025-01-06,completed,card
333,8392,447,2025-01-16,completed,card
334,8393,831,2025-01-21,completed,card
335,8465,714,2025-01-22,completed,card
336,8520,102,2025-01-06,completed,card
337,8578,1209,2025-01-05,completed,card
338,8630,2272,2025-01-18,completed,atm
339,8644,1693,2025-01-05,completed,cod
340,8686,1549,2025-01-03,completed,cod
341,8693,2199,2025-01-23,completed,atm
342,8710,859,2025-01-25,completed,atm
343,8719,541,2025-01-10,completed,wallet
344,8745,1679,2025-01-09,completed,atm
345,8758,971,2025-01-23,completed,card
346,8783,582,2025-01-04,completed,card
347,8784,69,2025-01-19,completed,atm
348,8807,1882,2025-01-30,completed,card
349,8820,2045,2025-01-29,completed,wallet
350,8832,1949,2025-01-05,completed,card
351,8834,580,2025-01-21,refunded,card
352,8836,1076,2025-01-10,completed,wallet
353,8889,1181,2025-01-10,completed,card
354,8935,1062,2025-01-23,completed,atm
355,8950,2317,2025-01-27,completed,card
356,8986,1634,2025-01-05,completed,card
357,9005,1494,2025-01-14,completed,wallet
358,9017,2065,2025-01-20,completed,atm
359,9026,1741,2025-01-22,completed,card
360,9038,1791,2025-01-03,completed,card
361,9039,1397,2025-01-15,completed,card
362,9054,854,2025-01-07,completed,card
363,9077,1192,2025-01-30,completed,atm
364,9079,2481,2025-01-27,completed,card
365,9088,2032,2025-01-30,completed,card
366,9107,1422,2025-01-31,completed,card
367,9126,1049,2025-01-07,completed,wallet
368,9176,1379,2025-01-22,completed,card
369,9289,2201,2025-01-02,completed,card
370,9306,2440,2025-01-05,completed,wallet
371,9344,1828,2025-01-27,completed,atm
372,9376,815,2025-01-05,completed,card
373,9398,1408,2025-01-11,completed,card
374,9441,638,2025-01-19,completed,cod
375,9450,1812,2025-01-11,completed,card
376,9461,1509,2025-01-10,completed,card
377,9497,780,2025-01-12,completed,wallet
378,9547,1137,2025-01-08,completed,atm
379,9557,1895,2025-01-20,completed,wallet
380,9561,1625,2025-01-03,completed,wallet
381,9581,897,2025-01-10,refunded,atm
382,9605,1478,2025-01-24,completed,card
383,9674,2478,2025-01-15,completed,cod
384,9680,2215,2025-01-07,completed,cod
385,9681,2421,2025-01-17,completed,cod
386,9718,239,2025-01-19,completed,card
387,9752,1565,2025-01-27,cancelled,atm
388,9764,276,2025-01-16,completed,card
389,9766,2331,2025-01-13,completed,card
390,9779,713,2025-01-15,completed,atm
391,9801,2462,2025-01-27,completed,card
392,9809,1962,2025-01-04,completed,wallet
393,9845,493,2025-01-20,completed,card
394,9861,455,2025-01-31,completed,card
395,9862,89,2025-01-22,completed,cod
396,9887,1727,2025-01-21,cancelled,atm
397,9917,1824,2025-01-16,completed,card
398,9934,242,2025-01-05,completed,wallet
399,9981,1174,2025-01-22,completed,card
400,10054,2307,2025-01-25,completed,atm
401,10056,23,2025-01-31,completed,card
402,10078,384,2025-01-21,completed,card
403,10095,881,2025-01-02,completed,card
404,10115,761,2025-01-07,completed,card
405,10141,2211,2025-01-22,completed,card
406,10166,2360,2025-01-24,completed,card
407,10191,2089,2025-01-21,completed,card
408,10206,855,2025-01-19,completed,atm
409,10222,2052,2025-01-24,completed,card
410,10228,340,2025-01-19,completed,wallet
411,10230,2246,2025-01-01,completed,card
412,10231,54,2025-01-07,completed,card
413,10247,1112,2025-01-15,completed,atm
414,10320,2294,2025-01-24,completed,atm
415,10335,625,2025-01-12,completed,card
416,10343,2495,2025-01-28,completed,cod
417,10371,740,2025-01-02,completed,atm
418,10383,897,2025-01-15,completed,atm
419,10393,2273,2025-01-22,completed,atm
420,10425,1013,2025-01-30,completed,wallet
421,10427,1680,2025-01-11,completed,cod
422,10428,1799,2025-01-04,completed,wallet
423,10445,916,2025-01-02,completed,atm
424,10451,427,2025-01-14,completed,card
425,10471,2236,2025-01-10,completed,atm
426,10484,1699,2025-01-30,completed,atm
427,10485,1121,2025-01-25,completed,atm
428,10532,1816,2025-01-10,completed,cod
429,10623,717,2025-01-11,completed,cod
430,10625,551,2025-01-08,completed,card
431,10629,1767,2025-01-11,completed,card
432,10659,1419,2025-01-27,completed,card
433,10688,76,2025-01-18,completed,wallet
434,10711,168,2025-01-29,completed,card
435,10751,1341,2025-01-11,completed,card
436,10767,1365,2025-01-05,completed,card
437,10791,886,2025-01-08,completed,cod
438,10797,539,2025-01-22,completed,card
439,10828,181,2025-01-28,completed,cod
440,10866,1192,2025-01-04,completed,wallet
441,10869,1924,2025-01-31,completed,card
442,10894,305,2025-01-13,completed,card
443,11013,1938,2025-01-20,completed,wallet
444,11015,1636,2025-01-18,completed,atm
445,11025,1919,2025-01-24,completed,cod
446,11026,381,2025-01-22,cancelled,card
447,11034,739,2025-01-08,completed,wallet
448,11067,1946,2025-01-29,refunded,wallet
449,11068,1459,2025-01-03,completed,wallet
450,11128,642,2025-01-18,completed,wallet
451,11154,1049,2025-01-30,completed,atm
452,11157,1838,2025-01-05,completed,card
453,11198,2132,2025-01-29,completed,card
454,11205,1665,2025-01-02,cancelled,atm
455,11240,974,2025-01-20,completed,atm
456,11280,1064,2025-01-25,completed,card
457,11300,1086,2025-01-30,completed,card
458,11325,2362,2025-01-15,completed,card
459,11344,545,2025-01-01,completed,wallet
460,11409,1745,2025-01-27,completed,wallet
461,11419,2479,2025-01-05,completed,card
462,11446,1506,2025-01-11,completed,wallet
463,11491,72,2025-01-29,completed,atm
464,11557,1278,2025-01-02,completed,card
465,11562,2266,2025-01-29,completed,card
466,11733,1193,2025-01-12,completed,wallet
467,11758,138,2025-01-22,completed,atm
468,11765,563,2025-01-08,completed,card
469,11775,2135,2025-01-26,completed,atm
470,11815,971,2025-01-29,completed,cod
471,11821,182,2025-01-12,completed,atm
472,11838,1044,2025-01-03,completed,card
473,11897,1938,2025-01-17,completed,wallet
474,11913,2266,2025-01-11,completed,atm
475,11916,1523,2025-01-03,completed,card
476,11922,2373,2025-01-25,completed,card
477,11965,1183,2025-01-09,completed,atm
478,12055,1750,2025-01-30,completed,wallet
479,12082,1059,2025-01-24,completed,atm
480,12086,1560,2025-01-31,completed,cod
481,12090,1831,2025-01-25,cancelled,atm
482,12094,2005,2025-01-01,completed,cod
483,12103,2483,2025-01-17,completed,card
484,12111,2134,2025-01-17,completed,atm
485,12130,1672,2025-01-19,completed,card
486,12176,802,2025-01-25,completed,atm
487,12200,740,2025-01-01,completed,wallet
488,12240,155,2025-01-12,completed,wallet
489,12255,1810,2025-01-20,completed,card
490,12266,1843,2025-01-24,completed,card
491,12290,187,2025-01-22,completed,atm
492,12300,250,2025-01-15,completed,atm
493,12301,493,2025-01-20,completed,atm
494,12323,2295,2025-01-15,completed,card
495,12324,512,2025-01-08,completed,atm
496,12383,1122,2025-01-16,cancelled,cod
497,12403,825,2025-01-25,completed,wallet
498,12447,1103,2025-01-19,completed,card
499,12516,1593,2025-01-21,completed,card
500,12534,1022,2025-01-26,completed,card
501,12545,36,2025-01-12,completed,cod
502,12549,84,2025-01-31,completed,atm
503,12566,1393,2025-01-04,completed,atm
504,12567,2151,2025-01-15,completed,atm
505,12592,1215,2025-01-10,completed,cod
506,12616,1988,2025-01-17,completed,atm
507,12656,694,2025-01-25,completed,card
508,12691,1447,2025-01-02,completed,card
509,12735,1524,2025-01-08,completed,atm
510,12791,753,2025-01-29,completed,card
511,12833,1628,2025-01-17,completed,card
512,12841,1908,2025-01-12,completed,card
513,12878,775,2025-01-08,completed,card
514,12921,1688,2025-01-29,completed,wallet
515,12961,1417,2025-01-05,completed,card
516,13010,667,2025-01-03,completed,card
517,13012,77,2025-01-14,completed,atm
518,13027,1473,2025-01-08,completed,card
519,13042,1423,2025-01-08,completed,atm
520,13067,2039,2025-01-03,completed,card
521,13068,205,2025-01-31,completed,card
522,13080,2297,2025-01-10,completed,wallet
523,13120,2093,2025-01-02,completed,card
524,13123,636,2025-01-31,completed,wallet
525,13159,65,2025-01-06,refunded,card
526,13222,2270,2025-01-30,completed,card
527,13223,737,2025-01-21,completed,card
528,13260,1312,2025-01-25,cancelled,wallet
529,13271,2272,2025-01-05,completed,atm
530,13320,2490,2025-01-15,completed,card
531,13397,2436,2025-01-08,completed,wallet
532,13449,629,2025-01-23,completed,card
533,13458,1418,2025-01-19,completed,wallet
534,13498,397,2025-01-16,completed,card
535,13505,1884,2025-01-13,completed,atm
536,13535,1473,2025-01-16,completed,card
537,13542,2276,2025-01-11,completed,wallet
538,13543,962,2025-01-15,completed,card
539,13573,1214,2025-01-07,completed,atm
540,13587,1474,2025-01-13,completed,card
541,13596,1986,2025-01-23,completed,cod
542,13605,271,2025-01-25,completed,card
543,13652,469,2025-01-27,completed,card
544,13683,1389,2025-01-31,completed,card
545,13752,2008,2025-01-13,completed,card
546,13786,1836,2025-01-20,completed,card
547,13835,1695,2025-01-10,completed,card
548,13836,793,2025-01-24,completed,card
549,13888,215,2025-01-06,completed,wallet
550,13915,1133,2025-01-28,completed,wallet
551,13947,2285,2025-01-15,completed,card
552,13991,446,2025-01-06,completed,card
553,13992,2220,2025-01-08,completed,card
554,13998,2133,2025-01-24,completed,card
555,14006,522,2025-01-16,completed,atm
556,14023,1139,2025-01-31,completed,card
557,14030,1929,2025-01-31,completed,wallet
558,14039,428,2025-01-17,completed,wallet
559,14056,18,2025-01-27,completed,card
560,14077,2265,2025-01-07,completed,card
561,14128,1566,2025-01-30,completed,card
562,14129,921,2025-01-25,completed,card
563,14132,2435,2025-01-27,completed,card
564,14168,1390,2025-01-06,completed,atm
565,14188,213,2025-01-24,completed,card
566,14199,1681,2025-01-25,completed,atm
567,14260,33,2025-01-27,completed,wallet
568,14287,194,2025-01-02,completed,wallet
569,14295,1324,2025-01-20,completed,atm
570,14317,2154,2025-01-30,completed,wallet
571,14325,2050,2025-01-21,completed,card
572,14339,2344,2025-01-14,completed,cod
573,14368,1385,2025-01-16,completed,cod
574,14379,1273,2025-01-08,completed,card
575,14393,1774,2025-01-30,completed,card
576,14411,357,2025-01-03,completed,cod
577,14413,1422,2025-01-31,completed,atm
578,14445,935,2025-01-17,completed,atm
579,14474,1755,2025-01-07,completed,wallet
580,14482,2357,2025-01-01,completed,card
581,14496,1031,2025-01-18,completed,wallet
582,14513,2475,2025-01-08,completed,card
583,14533,1210,2025-01-01,completed,atm
584,14537,1933,2025-01-29,completed,atm
585,14615,671,2025-01-14,completed,card
586,14623,1389,2025-01-20,completed,card
587,14630,863,2025-01-31,refunded,card
588,14651,1118,2025-01-08,completed,cod
589,14655,177,2025-01-11,completed,atm
590,14675,1448,2025-01-01,completed,card
591,14679,846,2025-01-04,completed,atm
592,14729,138,2025-01-28,completed,card
593,14771,2321,2025-01-06,completed,atm
594,14781,2141,2025-01-25,completed,cod
595,14871,1166,2025-01-05,completed,card
596,14872,633,2025-01-17,completed,card
597,14879,479,2025-01-26,completed,atm
598,14901,1165,2025-01-24,completed,atm
599,14902,271,2025-01-07,completed,wallet
600,14919,60,2025-01-25,completed,cod
601,14930,1434,2025-01-15,completed,cod
602,15180,262,2025-01-04,completed,card
603,15187,2194,2025-01-26,completed,cod
604,15202,1729,2025-01-21,completed,card
605,15213,970,2025-01-19,completed,cod
606,15224,163,2025-01-30,completed,cod
607,15254,1638,2025-01-31,completed,atm
608,15260,2313,2025-01-11,completed,card
609,15276,947,2025-01-29,completed,card
610,15310,2385,2025-01-30,completed,cod
611,15311,930,2025-01-15,completed,atm
612,15332,403,2025-01-19,completed,card
613,15336,1286,2025-01-16,completed,atm
614,15344,956,2025-01-01,completed,card
615,15374,139,2025-01-17,completed,card
616,15375,1259,2025-01-10,completed,wallet
617,15384,2389,2025-01-29,completed,wallet
618,15390,1651,2025-01-09,completed,card
619,15429,614,2025-01-23,completed,card
620,15500,1653,2025-01-23,completed,card
621,15557,97,2025-01-24,completed,card
622,15588,1130,2025-01-14,completed,card
623,15614,956,2025-01-13,completed,card
624,15632,1923,2025-01-10,completed,atm
625,15634,2455,2025-01-20,completed,card
626,15697,1642,2025-01-18,completed,wallet
627,15701,2429,2025-01-15,completed,wallet
628,15716,895,2025-01-29,completed,atm
629,15724,870,2025-01-25,cancelled,card
630,15732,2075,2025-01-14,completed,card
631,15747,1550,2025-01-31,completed,card
632,15767,541,2025-01-21,completed,cod
633,15775,400,2025-01-16,completed,wallet
634,15815,11,2025-01-10,completed,card
635,15854,1997,2025-01-29,completed,card
636,15887,1989,2025-01-02,completed,atm
637,15926,2012,2025-01-29,completed,card
638,15993,2393,2025-01-29,completed,atm
639,16009,1640,2025-01-27,completed,atm
640,16017,2487,2025-01-14,completed,wallet
641,16033,969,2025-01-17,completed,atm
642,16036,1322,2025-01-17,completed,wallet
643,16039,421,2025-01-29,completed,wallet
644,16056,1603,2025-01-31,completed,card
645,16086,1139,2025-01-11,completed,card
646,16113,214,2025-01-23,completed,cod
647,16116,969,2025-01-29,completed,atm
648,16132,1196,2025-01-15,completed,wallet
649,16177,1682,2025-01-15,completed,card
650,16259,1524,2025-01-16,completed,atm
651,16282,246,2025-01-02,completed,card
652,16291,624,2025-01-31,completed,card
653,16302,1181,2025-01-31,completed,card
654,16304,2228,2025-01-25,completed,wallet
655,16307,1740,2025-01-13,completed,card
656,16338,1004,2025-01-04,completed,atm
657,16339,1810,2025-01-01,completed,card
658,16352,1943,2025-01-19,completed,wallet
659,16354,525,2025-01-29,completed,atm
660,16410,993,2025-01-02,completed,card
661,16438,33,2025-01-22,completed,card
662,16442,2139,2025-01-14,completed,card
663,16464,482,2025-01-20,completed,card
664,16516,996,2025-01-23,completed,card
665,16528,386,2025-01-14,completed,card
666,16529,1443,2025-01-12,refunded,atm
667,16545,1614,2025-01-15,completed,atm
668,16557,1251,2025-01-07,completed,card
669,16568,760,2025-01-08,completed,atm
670,16580,1569,2025-01-29,completed,atm
671,16605,2335,2025-01-21,completed,card
672,16615,1016,2025-01-15,completed,atm
673,16628,2128,2025-01-30,completed,atm
674,16682,269,2025-01-29,completed,atm
675,16692,1169,2025-01-23,completed,cod
676,16721,374,2025-01-27,completed,atm
677,16725,2045,2025-01-11,completed,wallet
678,16727,1492,2025-01-25,completed,cod
679,16740,1917,2025-01-25,completed,wallet
680,16751,1923,2025-01-18,completed,atm
681,16752,232,2025-01-20,completed,card
682,16762,526,2025-01-25,completed,card
683,16770,1812,2025-01-13,completed,card
684,16778,1978,2025-01-01,completed,atm
685,16798,301,2025-01-31,cancelled,atm
686,16805,1695,2025-01-31,completed,cod
687,16808,1065,2025-01-09,completed,wallet
688,16875,2314,2025-01-19,completed,card
689,16881,2488,2025-01-12,completed,cod
690,16882,1122,2025-01-13,completed,atm
691,16943,750,2025-01-01,completed,card
692,16948,1564,2025-01-31,completed,card
693,17003,1831,2025-01-31,completed,card
694,17037,1772,2025-01-18,completed,card
695,17065,2276,2025-01-21,completed,card
696,17088,1505,2025-01-23,completed,atm
697,17101,1716,2025-01-06,completed,card
698,17117,1226,2025-01-06,completed,atm
699,17124,2274,2025-01-26,completed,card
700,17142,740,2025-01-06,completed,card
701,17174,1651,2025-01-29,completed,cod
702,17181,1864,2025-01-21,completed,card
703,17198,717,2025-01-19,completed,card
704,17200,2483,2025-01-22,completed,card
705,17206,387,2025-01-02,completed,atm
706,17219,1774,2025-01-29,completed,card
707,17274,569,2025-01-17,completed,wallet
708,17284,1407,2025-01-25,completed,card
709,17288,464,2025-01-15,completed,card
710,17302,1214,2025-01-06,completed,atm
711,17319,1444,2025-01-24,completed,atm
712,17339,1305,2025-01-14,refunded,card
713,17410,1941,2025-01-21,completed,card
714,17417,2493,2025-01-23,completed,card
715,17427,2109,2025-01-18,cancelled,wallet
716,17471,579,2025-01-06,completed,card
717,17477,2424,2025-01-07,completed,card
718,17499,2344,2025-01-18,completed,atm
719,17545,1243,2025-01-31,completed,card
720,17555,2409,2025-01-24,completed,wallet
721,17556,667,2025-01-04,completed,card
722,17602,2388,2025-01-12,completed,cod
723,17673,1588,2025-01-04,completed,card
724,17682,696,2025-01-19,completed,card
725,17690,121,2025-01-02,completed,card
726,17708,258,2025-01-05,completed,card
727,17739,1483,2025-01-09,completed,atm
728,17754,1842,2025-01-07,completed,atm
729,17789,1492,2025-01-16,completed,wallet
730,17821,99,2025-01-05,completed,card
731,17833,2252,2025-01-13,completed,card
732,17876,827,2025-01-17,completed,atm
733,17924,1170,2025-01-18,completed,atm
734,17969,524,2025-01-05,completed,card
735,17993,1260,2025-01-17,completed,card
736,18046,1478,2025-01-26,completed,wallet
737,18048,1704,2025-01-23,completed,cod
738,18058,1631,2025-01-14,completed,cod
739,18069,456,2025-01-02,completed,card
740,18078,251,2025-01-29,completed,cod
741,18120,1087,2025-01-13,completed,cod
742,18136,2379,2025-01-14,completed,card
743,18137,2470,2025-01-25,completed,card
744,18150,1397,2025-01-20,completed,card
745,18174,1797,2025-01-18,completed,card
746,18223,1737,2025-01-15,completed,atm
747,18270,876,2025-01-10,completed,card
748,18281,2406,2025-01-20,completed,card
749,18323,1876,2025-01-22,completed,card
750,18472,1075,2025-01-17,completed,card
751,18477,1678,2025-01-11,completed,card
752,18521,659,2025-01-25,refunded,card
753,18539,28,2025-01-12,completed,card
754,18540,16,2025-01-14,completed,card
755,18543,2256,2025-01-03,completed,card
756,18567,611,2025-01-23,completed,card
757,18607,1494,2025-01-17,completed,card
758,18631,2104,2025-01-14,completed,atm
759,18636,137,2025-01-11,completed,wallet
760,18680,1112,2025-01-06,completed,atm
761,18686,2269,2025-01-12,completed,cod
762,18693,1919,2025-01-24,completed,cod
763,18697,216,2025-01-02,completed,card
764,18705,1440,2025-01-26,completed,wallet
765,18731,875,2025-01-09,completed,cod
766,18824,2317,2025-01-30,completed,card
767,18828,1066,2025-01-23,cancelled,cod
768,18845,1854,2025-01-15,completed,atm
769,18933,1953,2025-01-08,completed,cod
770,18948,1837,2025-01-28,completed,card
771,18956,2192,2025-01-07,completed,wallet
772,18972,1818,2025-01-03,completed,card
773,18984,237,2025-01-27,completed,atm
774,18995,783,2025-01-21,completed,card
775,19011,426,2025-01-25,completed,atm
776,19069,670,2025-01-03,completed,card
777,19088,800,2025-01-01,completed,card
778,19095,1193,2025-01-15,refunded,card
779,19128,655,2025-01-14,completed,atm
780,19172,415,2025-01-16,completed,card
781,19186,1506,2025-01-02,completed,cod
782,19197,1894,2025-01-27,completed,wallet
783,19219,464,2025-01-23,completed,card
784,19225,213,2025-01-21,completed,card
785,19245,2262,2025-01-27,completed,card
786,19259,1317,2025-01-27,refunded,cod
787,19298,1099,2025-01-07,completed,card
788,19309,121,2025-01-14,completed,card
789,19322,1281,2025-01-25,completed,card
790,19337,1773,2025-01-04,completed,atm
791,19340,2303,2025-01-01,completed,card
792,19429,2087,2025-01-06,completed,card
793,19455,925,2025-01-23,completed,card
794,19467,1240,2025-01-20,completed,atm
795,19501,1943,2025-01-24,completed,card
796,19551,2436,2025-01-16,completed,atm
797,19558,1886,2025-01-13,completed,atm
798,19565,1362,2025-01-26,completed,card
799,19584,400,2025-01-11,completed,wallet
800,19586,366,2025-01-11,completed,card
801,19595,591,2025-01-31,completed,atm
802,19657,18,2025-01-05,completed,atm
803,19683,2155,2025-01-17,completed,atm
804,19695,357,2025-01-04,completed,card
805,19705,2490,2025-01-24,completed,cod
806,19706,43,2025-01-13,completed,atm
807,19718,2156,2025-01-05,completed,wallet
808,19755,2459,2025-01-11,completed,card
809,19757,512,2025-01-04,completed,card
810,19806,712,2025-01-12,completed,card
811,19843,280,2025-01-13,completed,atm
812,19893,1587,2025-01-02,completed,card
813,19940,2046,2025-01-20,completed,wallet
814,19964,1171,2025-01-15,completed,card
815,19988,595,2025-01-25,completed,cod
816,20023,2457,2025-01-08,completed,card
817,20034,95,2025-01-24,completed,atm
818,20036,836,2025-01-14,completed,card
819,20049,1196,2025-01-23,completed,card
820,20050,2107,2025-01-11,completed,atm
821,20069,1424,2025-01-03,completed,atm
822,20083,2266,2025-01-12,completed,card
823,20091,1406,2025-01-31,refunded,wallet
824,20098,668,2025-01-10,completed,wallet
825,20102,2334,2025-01-02,completed,atm
826,20123,1331,2025-01-12,completed,wallet
827,20200,304,2025-01-21,completed,cod
828,20201,2227,2025-01-22,completed,card
829,20216,436,2025-01-15,completed,card
830,20252,1065,2025-01-28,completed,card
831,20255,2465,2025-01-17,completed,atm
832,20256,1991,2025-01-21,refunded,card
833,20328,2211,2025-01-07,completed,wallet
834,20331,618,2025-01-11,completed,card
835,20332,1331,2025-01-27,completed,card
836,20349,994,2025-01-02,completed,card
837,20370,468,2025-01-04,completed,card
838,20379,1024,2025-01-15,completed,atm
839,20397,823,2025-01-29,completed,card
840,20409,603,2025-01-15,completed,card
841,20433,498,2025-01-01,completed,atm
842,20443,1283,2025-01-23,completed,atm
843,20471,239,2025-01-02,completed,card
844,20516,788,2025-01-02,completed,card
845,20559,1236,2025-01-25,completed,card
846,20584,1473,2025-01-04,completed,card
847,20592,611,2025-01-05,completed,cod
848,20613,2014,2025-01-27,completed,card
849,20707,8,2025-01-09,completed,atm
850,20730,500,2025-01-24,completed,card
851,20741,2271,2025-01-26,completed,card
852,20750,611,2025-01-23,completed,card
853,20802,2169,2025-01-11,completed,atm
854,20866,299,2025-01-03,completed,card
855,20894,1786,2025-01-11,completed,cod
856,20940,1416,2025-01-31,completed,card
857,20958,1734,2025-01-20,completed,card
858,20969,668,2025-01-23,completed,wallet
859,21000,652,2025-01-10,completed,card
860,21004,2315,2025-01-31,completed,cod
861,21008,41,2025-01-04,completed,atm
862,21014,2337,2025-01-13,completed,card
863,21140,1258,2025-01-15,completed,card
864,21173,75,2025-01-26,refunded,cod
865,21184,615,2025-01-27,completed,atm
866,21199,1815,2025-01-22,cancelled,atm
867,21204,2170,2025-01-28,completed,card
868,21348,987,2025-01-21,completed,card
869,21402,2040,2025-01-13,cancelled,card
870,21420,69,2025-01-04,completed,card
871,21423,1437,2025-01-27,completed,card
872,21446,931,2025-01-09,refunded,atm
873,21459,2061,2025-01-01,completed,card
874,21500,519,2025-01-07,completed,card
875,21502,802,2025-01-16,completed,atm
876,21530,750,2025-01-06,completed,card
877,21544,407,2025-01-24,cancelled,atm
878,21592,2239,2025-01-19,completed,card
879,21603,1137,2025-01-28,cancelled,card
880,21627,87,2025-01-30,completed,cod
881,21649,1314,2025-01-21,completed,wallet
882,21684,2420,2025-01-16,completed,wallet
883,21694,325,2025-01-26,completed,atm
884,21783,1789,2025-01-10,completed,card
885,21794,1139,2025-01-28,completed,card
886,21859,83,2025-01-12,completed,atm
887,21865,628,2025-01-02,completed,card
888,21875,1324,2025-01-08,completed,card
889,21892,2135,2025-01-29,completed,card
890,21894,828,2025-01-10,completed,atm
891,21898,594,2025-01-04,completed,card
892,21955,2143,2025-01-30,completed,wallet
893,21973,1820,2025-01-16,completed,card
894,21991,367,2025-01-24,completed,card
895,21993,122,2025-01-20,completed,card
896,21994,450,2025-01-11,completed,card
897,12,1710,2025-02-15,completed,card
898,39,1267,2025-02-11,completed,atm
899,50,2304,2025-02-23,completed,atm
900,80,2233,2025-02-11,completed,cod
901,88,2229,2025-02-14,completed,atm
902,102,937,2025-02-25,completed,cod
903,105,975,2025-02-03,completed,card
904,124,1694,2025-02-11,completed,atm
905,125,1797,2025-02-26,completed,wallet
906,129,92,2025-02-25,completed,card
907,133,2166,2025-02-09,completed,card
908,188,701,2025-02-07,completed,card
909,218,1109,2025-02-21,completed,atm
910,221,1086,2025-02-26,completed,card
911,301,1374,2025-02-14,completed,card
912,311,1381,2025-02-16,completed,card
913,322,711,2025-02-16,completed,card
914,337,502,2025-02-21,completed,atm
915,356,696,2025-02-13,completed,atm
916,358,808,2025-02-21,completed,card
917,406,1066,2025-02-03,completed,card
918,413,422,2025-02-10,completed,atm
919,414,730,2025-02-16,completed,cod
920,482,1155,2025-02-27,completed,card
921,529,2121,2025-02-13,completed,card
922,541,2071,2025-02-22,completed,atm
923,554,734,2025-02-03,completed,atm
924,562,1304,2025-02-22,completed,card
925,642,1403,2025-02-12,completed,card
926,655,106,2025-02-14,completed,card
927,667,704,2025-02-27,completed,card
928,671,979,2025-02-08,completed,card
929,673,2027,2025-02-06,completed,card
930,748,729,2025-02-11,completed,cod
931,749,2312,2025-02-17,completed,atm
932,786,1108,2025-02-08,completed,atm
933,795,233,2025-02-10,completed,atm
934,796,2216,2025-02-22,completed,wallet
935,818,1393,2025-02-18,completed,card
936,828,1194,2025-02-23,completed,card
937,844,1661,2025-02-16,completed,cod
938,890,1376,2025-02-15,completed,atm
939,906,1811,2025-02-14,refunded,card
940,918,2290,2025-02-03,completed,card
941,975,1564,2025-02-13,completed,wallet
942,1003,1699,2025-02-20,completed,card
943,1035,1992,2025-02-28,refunded,card
944,1039,2060,2025-02-23,completed,cod
945,1051,1177,2025-02-06,completed,cod
946,1058,177,2025-02-12,refunded,atm
947,1067,2290,2025-02-11,cancelled,card
948,1081,1911,2025-02-20,completed,wallet
949,1086,371,2025-02-22,completed,atm
950,1092,1885,2025-02-18,completed,wallet
951,1098,1096,2025-02-02,completed,card
952,1101,2493,2025-02-01,completed,wallet
953,1107,403,2025-02-12,completed,cod
954,1127,1680,2025-02-07,completed,cod
955,1141,2104,2025-02-04,completed,atm
956,1158,2031,2025-02-17,completed,card
957,1161,1314,2025-02-22,completed,card
958,1189,1822,2025-02-18,completed,atm
959,1376,875,2025-02-14,completed,atm
960,1396,2016,2025-02-22,completed,card
961,1426,103,2025-02-04,completed,card
962,1434,1310,2025-02-05,completed,atm
963,1450,1046,2025-02-23,completed,card
964,1454,1036,2025-02-01,completed,cod
965,1464,4,2025-02-20,completed,atm
966,1469,812,2025-02-10,completed,atm
967,1515,284,2025-02-08,completed,card
968,1522,432,2025-02-04,completed,card
969,1534,1482,2025-02-21,completed,wallet
970,1566,1209,2025-02-20,refunded,card
971,1587,922,2025-02-13,completed,card
972,1646,1660,2025-02-18,refunded,cod
973,1656,2108,2025-02-03,completed,card
974,1660,2146,2025-02-14,completed,wallet
975,1664,946,2025-02-27,completed,atm
976,1682,2376,2025-02-07,completed,card
977,1725,523,2025-02-25,completed,card
978,1728,967,2025-02-28,completed,card
979,1749,1180,2025-02-22,completed,cod
980,1763,461,2025-02-01,completed,card
981,1779,2192,2025-02-19,completed,card
982,1809,1537,2025-02-08,completed,card
983,1810,2148,2025-02-05,refunded,atm
984,1826,2161,2025-02-10,cancelled,card
985,1829,1769,2025-02-16,completed,card
986,1884,1899,2025-02-15,completed,wallet
987,1885,1118,2025-02-06,completed,atm
988,1933,586,2025-02-09,completed,atm
989,1978,1219,2025-02-24,completed,atm
990,1988,1516,2025-02-19,completed,atm
991,2093,1495,2025-02-22,completed,atm
992,2138,1347,2025-02-22,completed,atm
993,2190,2360,2025-02-03,refunded,wallet
994,2201,682,2025-02-27,completed,card
995,2215,1181,2025-02-26,completed,cod
996,2220,1266,2025-02-25,completed,card
997,2265,1681,2025-02-12,completed,atm
998,2269,1789,2025-02-08,completed,card
999,2317,264,2025-02-12,completed,card
1000,2341,1926,2025-02-28,completed,card
1001,2384,126,2025-02-25,completed,wallet
1002,2405,2395,2025-02-25,completed,card
1003,2419,1298,2025-02-18,completed,card
1004,2505,2262,2025-02-11,completed,card
1005,2544,423,2025-02-23,completed,wallet
1006,2547,770,2025-02-04,cancelled,card
1007,2568,1862,2025-02-21,completed,card
1008,2619,246,2025-02-25,completed,card
1009,2672,1243,2025-02-04,completed,wallet
1010,2705,2298,2025-02-26,completed,card
1011,2866,2036,2025-02-16,completed,card
1012,2910,324,2025-02-17,completed,card
1013,2915,2144,2025-02-21,completed,atm
1014,2946,1355,2025-02-05,completed,atm
1015,2948,1910,2025-02-04,completed,wallet
1016,3003,2200,2025-02-26,completed,card
1017,3006,413,2025-02-08,completed,wallet
1018,3081,1502,2025-02-26,completed,card
1019,3089,1042,2025-02-07,completed,atm
1020,3135,393,2025-02-25,completed,atm
1021,3140,1740,2025-02-10,completed,cod
1022,3185,820,2025-02-04,completed,wallet
1023,3229,472,2025-02-02,completed,cod
1024,3298,1669,2025-02-05,completed,wallet
1025,3315,878,2025-02-17,completed,card
1026,3339,589,2025-02-16,completed,atm
1027,3376,730,2025-02-02,completed,card
1028,3378,1119,2025-02-25,completed,card
1029,3397,684,2025-02-23,completed,card
1030,3403,2257,2025-02-18,completed,cod
1031,3443,324,2025-02-05,completed,atm
1032,3524,1482,2025-02-01,cancelled,atm
1033,3575,295,2025-02-24,completed,cod
1034,3606,277,2025-02-13,completed,card
1035,3668,355,2025-02-12,completed,atm
1036,3717,1324,2025-02-25,completed,atm
1037,3751,1472,2025-02-12,completed,wallet
1038,3823,1245,2025-02-25,completed,card
1039,3850,177,2025-02-27,completed,atm
1040,3883,76,2025-02-18,completed,cod
1041,3932,1628,2025-02-11,completed,card
1042,3933,1245,2025-02-27,completed,card
1043,3949,1982,2025-02-16,completed,card
1044,3967,885,2025-02-26,completed,cod
1045,3981,1483,2025-02-04,completed,card
1046,3993,910,2025-02-12,completed,atm
1047,4013,1265,2025-02-17,completed,cod
1048,4039,1697,2025-02-07,completed,card
1049,4043,1987,2025-02-28,completed,card
1050,4061,1166,2025-02-07,completed,atm
1051,4064,1758,2025-02-04,completed,card
1052,4066,1785,2025-02-06,completed,card
1053,4123,1190,2025-02-18,completed,atm
1054,4145,534,2025-02-06,completed,card
1055,4168,1804,2025-02-26,completed,card
1056,4212,422,2025-02-25,completed,card
1057,4213,785,2025-02-20,completed,wallet
1058,4227,2378,2025-02-26,completed,card
1059,4277,660,2025-02-08,completed,card
1060,4357,166,2025-02-16,completed,cod
1061,4378,177,2025-02-12,completed,wallet
1062,4385,1913,2025-02-21,completed,atm
1063,4418,788,2025-02-14,completed,atm
1064,4424,1418,2025-02-13,completed,cod
1065,4438,1780,2025-02-07,completed,card
1066,4484,416,2025-02-17,completed,card
1067,4542,1965,2025-02-17,completed,wallet
1068,4564,2327,2025-02-13,completed,wallet
1069,4571,1267,2025-02-23,completed,atm
1070,4604,514,2025-02-06,completed,wallet
1071,4665,2319,2025-02-03,completed,card
1072,4698,1486,2025-02-16,completed,card
1073,4699,828,2025-02-10,completed,atm
1074,4726,798,2025-02-25,completed,card
1075,4754,1256,2025-02-14,completed,card
1076,4784,1434,2025-02-18,completed,wallet
1077,4804,197,2025-02-26,completed,wallet
1078,4815,2189,2025-02-02,completed,wallet
1079,4836,1729,2025-02-26,completed,card
1080,4867,1822,2025-02-21,completed,card
1081,4872,244,2025-02-16,completed,atm
1082,4918,646,2025-02-25,completed,atm
1083,4921,839,2025-02-08,completed,card
1084,4944,143,2025-02-20,completed,card
1085,5014,2151,2025-02-13,completed,card
1086,5016,1810,2025-02-15,completed,wallet
1087,5032,1276,2025-02-06,completed,wallet
1088,5037,1055,2025-02-27,completed,card
1089,5055,756,2025-02-14,completed,card
1090,5072,1332,2025-02-28,completed,atm
1091,5271,1783,2025-02-04,completed,atm
1092,5280,1515,2025-02-07,completed,card
1093,5334,1737,2025-02-03,completed,card
1094,5345,624,2025-02-12,completed,atm
1095,5362,2150,2025-02-27,completed,card
1096,5462,1748,2025-02-16,completed,card
1097,5512,1199,2025-02-22,completed,card
1098,5533,2302,2025-02-02,completed,card
1099,5582,819,2025-02-20,completed,card
1100,5594,1457,2025-02-12,refunded,card
1101,5600,228,2025-02-02,completed,wallet
1102,5658,1803,2025-02-05,completed,card
1103,5668,1427,2025-02-14,completed,atm
1104,5689,424,2025-02-24,completed,atm
1105,5706,1775,2025-02-05,completed,card
1106,5834,520,2025-02-24,completed,atm
1107,5850,297,2025-02-15,completed,wallet
1108,5897,1121,2025-02-25,completed,atm
1109,5970,1390,2025-02-07,completed,cod
1110,6034,2258,2025-02-01,completed,atm
1111,6096,1199,2025-02-10,completed,card
1112,6120,603,2025-02-27,completed,card
1113,6121,1359,2025-02-15,completed,card
1114,6140,992,2025-02-19,completed,cod
1115,6146,1554,2025-02-21,completed,wallet
1116,6218,1637,2025-02-26,completed,card
1117,6243,1763,2025-02-02,completed,cod
1118,6260,1219,2025-02-28,completed,card
1119,6293,1293,2025-02-01,completed,atm
1120,6305,1482,2025-02-06,completed,card
1121,6314,1186,2025-02-12,completed,card
1122,6344,301,2025-02-13,completed,card
1123,6369,1552,2025-02-05,completed,wallet
1124,6426,2067,2025-02-12,completed,atm
1125,6442,1651,2025-02-08,completed,card
1126,6492,66,2025-02-16,completed,card
1127,6495,730,2025-02-01,completed,card
1128,6527,2045,2025-02-04,completed,wallet
1129,6532,1157,2025-02-18,completed,cod
1130,6539,1330,2025-02-14,completed,card
1131,6598,1438,2025-02-22,completed,card
1132,6638,1175,2025-02-13,completed,card
1133,6676,2292,2025-02-01,completed,wallet
1134,6681,1120,2025-02-15,completed,card
1135,6696,1783,2025-02-01,completed,atm
1136,6698,339,2025-02-18,completed,atm
1137,6758,566,2025-02-11,completed,card
1138,6765,1182,2025-02-05,completed,card
1139,6772,1835,2025-02-11,completed,cod
1140,6832,997,2025-02-06,completed,card
1141,6839,1434,2025-02-13,completed,atm
1142,6863,1927,2025-02-19,completed,atm
1143,6875,760,2025-02-12,refunded,atm
1144,6889,2174,2025-02-01,completed,card
1145,6988,2391,2025-02-28,completed,card
1146,7004,2115,2025-02-03,cancelled,card
1147,7025,1382,2025-02-08,completed,card
1148,7053,1728,2025-02-03,refunded,card
1149,7076,5,2025-02-16,completed,atm
1150,7127,1608,2025-02-15,completed,card
1151,7204,233,2025-02-10,completed,cod
1152,7220,773,2025-02-15,completed,card
1153,7235,329,2025-02-11,completed,cod
1154,7269,1305,2025-02-03,completed,atm
1155,7325,487,2025-02-01,completed,atm
1156,7358,2013,2025-02-20,completed,card
1157,7376,1561,2025-02-16,completed,card
1158,7401,2452,2025-02-26,completed,card
1159,7422,679,2025-02-23,completed,wallet
1160,7426,1030,2025-02-08,completed,card
1161,7481,590,2025-02-16,completed,cod
1162,7526,2212,2025-02-08,completed,card
1163,7547,1112,2025-02-24,completed,card
1164,7557,1553,2025-02-22,completed,card
1165,7575,317,2025-02-22,completed,atm
1166,7622,926,2025-02-27,completed,card
1167,7651,1416,2025-02-16,completed,card
1168,7663,237,2025-02-14,cancelled,cod
1169,7682,274,2025-02-18,completed,card
1170,7693,86,2025-02-20,completed,card
1171,7724,1118,2025-02-13,completed,atm
1172,7756,1718,2025-02-18,completed,card
1173,7764,577,2025-02-20,completed,card
1174,7778,2137,2025-02-28,completed,card
1175,7786,875,2025-02-12,completed,atm
1176,7796,2064,2025-02-27,completed,card
1177,7831,373,2025-02-16,completed,cod
1178,7836,436,2025-02-20,completed,cod
1179,7841,1403,2025-02-13,completed,card
1180,7845,1955,2025-02-26,completed,cod
1181,7859,2323,2025-02-11,completed,card
1182,7894,628,2025-02-27,completed,cod
1183,7939,1079,2025-02-11,completed,atm
1184,7960,978,2025-02-23,completed,card
1185,7969,1001,2025-02-17,completed,atm
1186,7978,2187,2025-02-06,completed,card
1187,7994,2423,2025-02-26,completed,card
1188,8001,790,2025-02-10,completed,wallet
1189,8049,2012,2025-02-19,completed,atm
1190,8052,1050,2025-02-03,refunded,wallet
1191,8066,582,2025-02-23,completed,card
1192,8094,2379,2025-02-18,refunded,atm
1193,8177,305,2025-02-05,completed,atm
1194,8179,1611,2025-02-11,completed,card
1195,8185,20,2025-02-24,completed,atm
1196,8250,1744,2025-02-07,completed,atm
1197,8271,1772,2025-02-21,completed,wallet
1198,8307,344,2025-02-21,completed,card
1199,8315,1720,2025-02-22,completed,card
1200,8324,906,2025-02-11,refunded,cod
1201,8399,1525,2025-02-02,cancelled,card
1202,8493,1453,2025-02-24,completed,wallet
1203,8545,1492,2025-02-04,completed,atm
1204,8624,1654,2025-02-26,completed,atm
1205,8625,1130,2025-02-22,completed,card
1206,8631,125,2025-02-17,completed,cod
1207,8651,945,2025-02-02,completed,cod
1208,8675,2419,2025-02-06,completed,atm
1209,8787,1025,2025-02-09,completed,wallet
1210,8819,608,2025-02-09,completed,wallet
1211,8829,2385,2025-02-03,completed,cod
1212,8857,1379,2025-02-16,cancelled,cod
1213,8862,1911,2025-02-19,completed,card
1214,8869,448,2025-02-25,completed,cod
1215,8891,968,2025-02-01,completed,cod
1216,8960,1721,2025-02-27,completed,wallet
1217,8972,1292,2025-02-01,completed,atm
1218,8978,817,2025-02-26,completed,card
1219,8997,1525,2025-02-08,completed,atm
1220,9028,1362,2025-02-15,refunded,card
1221,9051,1216,2025-02-12,completed,atm
1222,9092,374,2025-02-25,completed,atm
1223,9098,1808,2025-02-19,refunded,wallet
1224,9121,1506,2025-02-03,completed,cod
1225,9161,345,2025-02-21,completed,card
1226,9197,963,2025-02-03,completed,atm
1227,9228,1895,2025-02-08,completed,atm
1228,9350,502,2025-02-12,completed,card
1229,9389,2252,2025-02-22,completed,card
1230,9407,1346,2025-02-21,completed,atm
1231,9425,2210,2025-02-05,completed,card
1232,9444,432,2025-02-13,completed,card
1233,9469,983,2025-02-14,completed,card
1234,9472,1843,2025-02-24,completed,card
1235,9488,1078,2025-02-07,completed,atm
1236,9567,1813,2025-02-25,completed,wallet
1237,9669,622,2025-02-25,completed,cod
1238,9687,1519,2025-02-03,completed,card
1239,9710,2003,2025-02-07,completed,card
1240,9727,237,2025-02-12,completed,card
1241,9758,581,2025-02-20,completed,card
1242,9794,1618,2025-02-24,completed,atm
1243,9950,2205,2025-02-14,completed,card
1244,9957,1932,2025-02-28,completed,atm
1245,9974,1076,2025-02-11,completed,atm
1246,10013,1306,2025-02-13,completed,card
1247,10045,662,2025-02-19,completed,wallet
1248,10126,2281,2025-02-07,completed,card
1249,10175,1418,2025-02-05,refunded,card
1250,10193,2096,2025-02-23,completed,card
1251,10200,1512,2025-02-16,completed,cod
1252,10220,2326,2025-02-01,completed,wallet
1253,10279,1746,2025-02-05,completed,card
1254,10300,183,2025-02-17,completed,card
1255,10315,2107,2025-02-02,completed,atm
1256,10319,2002,2025-02-22,completed,wallet
1257,10405,1074,2025-02-26,cancelled,atm
1258,10411,1164,2025-02-20,completed,card
1259,10413,224,2025-02-23,completed,wallet
1260,10418,1159,2025-02-16,completed,atm
1261,10437,1216,2025-02-01,completed,card
1262,10438,912,2025-02-22,completed,atm
1263,10493,479,2025-02-16,completed,atm
1264,10538,1789,2025-02-28,completed,atm
1265,10562,442,2025-02-24,completed,card
1266,10588,1117,2025-02-26,completed,card
1267,10598,248,2025-02-15,completed,atm
1268,10637,871,2025-02-27,completed,card
1269,10640,2115,2025-02-03,completed,card
1270,10650,1695,2025-02-16,completed,card
1271,10664,1089,2025-02-18,completed,card
1272,10677,865,2025-02-17,completed,atm
1273,10746,307,2025-02-20,completed,cod
1274,10748,2191,2025-02-14,completed,atm
1275,10805,2393,2025-02-18,completed,atm
1276,10807,1487,2025-02-07,completed,wallet
1277,10809,2357,2025-02-13,completed,cod
1278,10819,657,2025-02-09,completed,card
1279,10829,2017,2025-02-10,completed,card
1280,10833,2046,2025-02-25,completed,card
1281,10859,151,2025-02-17,completed,card
1282,10872,34,2025-02-26,cancelled,atm
1283,10923,942,2025-02-06,completed,cod
1284,10927,2135,2025-02-04,completed,wallet
1285,10939,2320,2025-02-24,completed,atm
1286,10947,749,2025-02-05,completed,card
1287,10955,2394,2025-02-04,completed,wallet
1288,10959,1319,2025-02-25,completed,card
1289,11040,509,2025-02-16,completed,cod
1290,11082,291,2025-02-13,completed,atm
1291,11101,939,2025-02-11,completed,card
1292,11109,1876,2025-02-28,completed,card
1293,11165,2034,2025-02-18,completed,atm
1294,11178,2031,2025-02-09,completed,cod
1295,11195,1129,2025-02-27,completed,cod
1296,11204,1373,2025-02-18,completed,card
1297,11225,1863,2025-02-24,completed,card
1298,11312,1745,2025-02-07,completed,atm
1299,11348,276,2025-02-20,completed,atm
1300,11395,1060,2025-02-08,completed,card
1301,11444,2244,2025-02-17,completed,wallet
1302,11540,2449,2025-02-04,completed,card
1303,11563,1817,2025-02-16,completed,card
1304,11565,394,2025-02-23,completed,card
1305,11575,1578,2025-02-15,completed,card
1306,11580,1176,2025-02-06,completed,card
1307,11600,1745,2025-02-11,completed,atm
1308,11629,1092,2025-02-08,completed,atm
1309,11644,1719,2025-02-22,completed,card
1310,11669,1704,2025-02-16,completed,card
1311,11684,1667,2025-02-24,completed,cod
1312,11718,1806,2025-02-24,completed,card
1313,11746,304,2025-02-20,completed,wallet
1314,11820,2369,2025-02-16,completed,card
1315,11824,1804,2025-02-20,completed,card
1316,11831,1023,2025-02-26,completed,cod
1317,11871,1072,2025-02-06,completed,card
1318,11887,1013,2025-02-17,completed,card
1319,11888,218,2025-02-25,completed,card
1320,11938,2104,2025-02-08,completed,atm
1321,11949,358,2025-02-03,completed,wallet
1322,11970,1403,2025-02-25,completed,card
1323,11999,2427,2025-02-20,completed,card
1324,12002,142,2025-02-12,completed,card
1325,12005,560,2025-02-08,completed,card
1326,12021,2473,2025-02-04,completed,card
1327,12032,821,2025-02-18,completed,cod
1328,12062,2121,2025-02-10,completed,atm
1329,12092,2294,2025-02-12,completed,card
1330,12177,1633,2025-02-20,completed,wallet
1331,12198,1135,2025-02-15,completed,card
1332,12224,1071,2025-02-23,completed,card
1333,12243,1390,2025-02-18,completed,wallet
1334,12302,2367,2025-02-15,cancelled,card
1335,12333,1298,2025-02-25,completed,card
1336,12373,1,2025-02-15,completed,wallet
1337,12399,441,2025-02-12,completed,atm
1338,12401,2146,2025-02-24,completed,card
1339,12438,155,2025-02-10,completed,atm
1340,12485,108,2025-02-14,completed,cod
1341,12509,458,2025-02-17,completed,atm
1342,12542,2418,2025-02-27,completed,card
1343,12641,830,2025-02-08,completed,card
1344,12672,2101,2025-02-08,completed,card
1345,12714,1586,2025-02-03,completed,card
1346,12728,484,2025-02-27,completed,cod
1347,12738,388,2025-02-28,completed,card
1348,12739,2468,2025-02-26,completed,cod
1349,12813,1710,2025-02-12,completed,card
1350,12851,1947,2025-02-02,completed,card
1351,12852,1282,2025-02-21,completed,card
1352,12856,228,2025-02-21,completed,wallet
1353,12862,49,2025-02-10,completed,card
1354,12876,870,2025-02-17,completed,atm
1355,12899,1880,2025-02-11,completed,atm
1356,12919,193,2025-02-03,completed,atm
1357,12923,753,2025-02-04,completed,cod
1358,12954,888,2025-02-21,completed,wallet
1359,12971,116,2025-02-02,completed,card
1360,13038,1616,2025-02-09,completed,card
1361,13057,1684,2025-02-13,completed,cod
1362,13062,2080,2025-02-10,completed,card
1363,13093,1754,2025-02-21,completed,card
1364,13110,293,2025-02-24,completed,wallet
1365,13186,221,2025-02-21,completed,card
1366,13207,196,2025-02-05,completed,cod
1367,13224,56,2025-02-08,completed,card
1368,13225,2479,2025-02-02,completed,card
1369,13240,1120,2025-02-19,completed,card
1370,13282,1460,2025-02-12,completed,atm
1371,13317,2491,2025-02-25,completed,card
1372,13327,1869,2025-02-25,completed,card
1373,13339,154,2025-02-15,completed,card
1374,13340,464,2025-02-13,completed,card
1375,13370,1202,2025-02-04,completed,card
1376,13406,988,2025-02-23,completed,atm
1377,13422,1574,2025-02-25,completed,atm
1378,13454,1907,2025-02-24,completed,card
1379,13470,2007,2025-02-08,completed,atm
1380,13499,2222,2025-02-10,completed,card
1381,13548,89,2025-02-10,completed,card
1382,13622,1415,2025-02-08,completed,cod
1383,13665,1655,2025-02-23,completed,card
1384,13682,1705,2025-02-20,completed,atm
1385,13686,684,2025-02-16,completed,atm
1386,13690,378,2025-02-15,completed,wallet
1387,13724,396,2025-02-08,completed,card
1388,13745,446,2025-02-27,completed,card
1389,13767,1171,2025-02-07,completed,card
1390,13795,1214,2025-02-14,completed,card
1391,13822,2430,2025-02-11,refunded,card
1392,13864,1014,2025-02-03,completed,atm
1393,13868,2465,2025-02-19,completed,atm
1394,13891,2390,2025-02-24,completed,atm
1395,13906,2229,2025-02-19,completed,wallet
1396,13913,65,2025-02-02,completed,card
1397,13928,647,2025-02-11,completed,wallet
1398,13979,1121,2025-02-26,completed,card
1399,14042,1844,2025-02-21,completed,wallet
1400,14104,590,2025-02-28,completed,atm
1401,14227,484,2025-02-14,completed,card
1402,14232,733,2025-02-10,completed,card
1403,14270,379,2025-02-16,completed,atm
1404,14278,1101,2025-02-04,completed,cod
1405,14297,2126,2025-02-18,completed,wallet
1406,14309,1473,2025-02-26,completed,card
1407,14423,308,2025-02-23,completed,cod
1408,14437,442,2025-02-22,completed,atm
1409,14443,1240,2025-02-21,completed,card
1410,14457,744,2025-02-26,completed,wallet
1411,14476,2135,2025-02-08,completed,card
1412,14485,723,2025-02-27,completed,cod
1413,14562,1200,2025-02-05,completed,card
1414,14585,828,2025-02-03,completed,card
1415,14613,1880,2025-02-20,completed,card
1416,14627,1441,2025-02-28,completed,wallet
1417,14642,110,2025-02-03,completed,card
1418,14687,879,2025-02-03,completed,atm
1419,14705,1642,2025-02-04,completed,card
1420,14737,219,2025-02-01,completed,atm
1421,14759,1395,2025-02-14,completed,cod
1422,14812,1774,2025-02-10,completed,card
1423,14895,955,2025-02-06,completed,card
1424,14914,2188,2025-02-17,cancelled,cod
1425,14921,2080,2025-02-06,completed,card
1426,14933,739,2025-02-18,completed,atm
1427,14946,1361,2025-02-10,completed,wallet
1428,15032,1487,2025-02-13,cancelled,wallet
1429,15040,298,2025-02-12,completed,atm
1430,15061,1784,2025-02-18,completed,card
1431,15066,478,2025-02-14,completed,cod
1432,15096,196,2025-02-20,completed,card
1433,15129,2491,2025-02-17,completed,card
1434,15201,614,2025-02-23,completed,card
1435,15218,223,2025-02-17,completed,card
1436,15248,55,2025-02-21,completed,wallet
1437,15278,1675,2025-02-06,completed,wallet
1438,15303,2044,2025-02-07,completed,card
1439,15304,1351,2025-02-13,completed,card
1440,15356,2443,2025-02-20,completed,cod
1441,15392,499,2025-02-09,completed,card
1442,15445,252,2025-02-02,completed,wallet
1443,15446,1958,2025-02-05,completed,atm
1444,15460,1279,2025-02-05,completed,card
1445,15502,1204,2025-02-16,refunded,card
1446,15506,1484,2025-02-15,completed,atm
1447,15508,1174,2025-02-23,completed,card
1448,15537,1365,2025-02-18,completed,wallet
1449,15569,906,2025-02-08,completed,wallet
1450,15629,2252,2025-02-10,completed,atm
1451,15671,985,2025-02-11,completed,card
1452,15675,907,2025-02-19,completed,cod
1453,15731,212,2025-02-01,completed,cod
1454,15743,2101,2025-02-18,completed,card
1455,15753,551,2025-02-01,completed,card
1456,15764,194,2025-02-17,completed,atm
1457,15800,1670,2025-02-28,completed,atm
1458,15841,948,2025-02-21,completed,wallet
1459,15843,1039,2025-02-16,completed,card
1460,15866,1804,2025-02-08,completed,card
1461,15882,2323,2025-02-09,completed,atm
1462,15885,96,2025-02-14,completed,atm
1463,15908,2329,2025-02-19,completed,wallet
1464,15923,2413,2025-02-16,completed,cod
1465,15934,1633,2025-02-09,cancelled,atm
1466,15949,1110,2025-02-11,completed,atm
1467,15963,2225,2025-02-08,completed,card
1468,15992,666,2025-02-20,completed,atm
1469,16022,1664,2025-02-23,completed,wallet
1470,16054,1654,2025-02-15,completed,cod
1471,16080,483,2025-02-03,completed,card
1472,16109,139,2025-02-27,completed,cod
1473,16149,113,2025-02-09,completed,atm
1474,16170,1318,2025-02-02,completed,card
1475,16197,35,2025-02-26,completed,card
1476,16203,1396,2025-02-19,completed,wallet
1477,16206,2395,2025-02-08,completed,card
1478,16247,1191,2025-02-17,completed,atm
1479,16256,1006,2025-02-06,cancelled,atm
1480,16270,383,2025-02-07,completed,card
1481,16277,2211,2025-02-21,completed,wallet
1482,16288,1114,2025-02-07,refunded,card
1483,16319,738,2025-02-26,completed,cod
1484,16330,173,2025-02-15,completed,card
1485,16364,1339,2025-02-16,completed,atm
1486,16430,1608,2025-02-05,completed,atm
1487,16436,859,2025-02-26,cancelled,card
1488,16479,1742,2025-02-22,completed,card
1489,16498,1431,2025-02-22,completed,card
1490,16515,256,2025-02-24,completed,atm
1491,16535,1579,2025-02-26,completed,card
1492,16542,1598,2025-02-05,completed,card
1493,16544,1597,2025-02-11,completed,card
1494,16561,1477,2025-02-17,completed,cod
1495,16601,1793,2025-02-22,completed,wallet
1496,16671,1419,2025-02-04,completed,card
1497,16711,1056,2025-02-19,completed,wallet
1498,16719,1290,2025-02-24,completed,wallet
1499,16735,1360,2025-02-22,completed,card
1500,16822,1498,2025-02-09,completed,atm
1501,16957,52,2025-02-09,completed,atm
1502,17005,2399,2025-02-09,completed,cod
1503,17027,2059,2025-02-27,completed,card
1504,17051,100,2025-02-18,completed,cod
1505,17056,941,2025-02-13,completed,atm
1506,17057,1150,2025-02-23,completed,wallet
1507,17075,467,2025-02-16,completed,card
1508,17091,263,2025-02-17,completed,card
1509,17121,2203,2025-02-05,completed,wallet
1510,17122,597,2025-02-18,completed,card
1511,17137,1967,2025-02-12,completed,atm
1512,17153,21,2025-02-19,completed,wallet
1513,17212,206,2025-02-23,completed,card
1514,17217,1555,2025-02-18,completed,card
1515,17286,610,2025-02-15,completed,atm
1516,17292,2493,2025-02-27,completed,wallet
1517,17337,1212,2025-02-19,completed,wallet
1518,17342,283,2025-02-04,refunded,atm
1519,17346,442,2025-02-04,completed,card
1520,17348,1044,2025-02-11,completed,card
1521,17364,1085,2025-02-04,completed,atm
1522,17452,735,2025-02-13,completed,wallet
1523,17529,2217,2025-02-14,completed,wallet
1524,17571,1691,2025-02-19,completed,card
1525,17580,377,2025-02-16,completed,card
1526,17594,2052,2025-02-28,completed,atm
1527,17609,29,2025-02-17,completed,cod
1528,17611,209,2025-02-28,completed,card
1529,17615,1035,2025-02-21,completed,card
1530,17630,1523,2025-02-04,completed,card
1531,17634,1302,2025-02-13,completed,card
1532,17766,882,2025-02-20,completed,wallet
1533,17770,610,2025-02-16,completed,card
1534,17793,677,2025-02-06,completed,atm
1535,17796,2039,2025-02-05,completed,atm
1536,17816,2292,2025-02-01,completed,cod
1537,17831,688,2025-02-11,refunded,card
1538,17850,1359,2025-02-02,completed,wallet
1539,17871,561,2025-02-12,completed,atm
1540,17873,472,2025-02-17,completed,card
1541,17938,1694,2025-02-05,completed,atm
1542,17948,151,2025-02-20,completed,card
1543,17964,1828,2025-02-26,completed,card
1544,17967,2103,2025-02-04,completed,atm
1545,17987,855,2025-02-19,completed,cod
1546,18001,1,2025-02-23,completed,card
1547,18045,1193,2025-02-11,completed,card
1548,18062,1459,2025-02-04,completed,atm
1549,18075,1914,2025-02-22,completed,card
1550,18082,1055,2025-02-18,completed,card
1551,18134,743,2025-02-12,completed,card
1552,18144,1448,2025-02-28,completed,card
1553,18146,1573,2025-02-13,completed,card
1554,18155,678,2025-02-16,completed,card
1555,18166,589,2025-02-14,completed,cod
1556,18172,2500,2025-02-28,completed,card
1557,18181,1441,2025-02-05,completed,atm
1558,18195,1174,2025-02-02,refunded,atm
1559,18212,973,2025-02-03,completed,cod
1560,18247,2247,2025-02-11,completed,card
1561,18284,1845,2025-02-03,completed,wallet
1562,18290,1758,2025-02-09,completed,wallet
1563,18303,2280,2025-02-09,completed,card
1564,18309,711,2025-02-06,completed,card
1565,18335,1972,2025-02-19,refunded,card
1566,18363,2226,2025-02-07,cancelled,atm
1567,18364,1753,2025-02-12,completed,card
1568,18365,1522,2025-02-15,completed,card
1569,18398,1004,2025-02-03,completed,card
1570,18440,492,2025-02-15,completed,atm
1571,18484,1653,2025-02-19,completed,card
1572,18515,2442,2025-02-25,completed,wallet
1573,18523,2017,2025-02-11,completed,wallet
1574,18527,264,2025-02-01,completed,atm
1575,18548,1193,2025-02-15,cancelled,card
1576,18552,1076,2025-02-22,completed,card
1577,18560,2111,2025-02-04,completed,wallet
1578,18578,578,2025-02-21,completed,card
1579,18583,2078,2025-02-07,completed,card
1580,18649,823,2025-02-25,completed,cod
1581,18658,1137,2025-02-22,completed,atm
1582,18668,268,2025-02-16,completed,card
1583,18696,1129,2025-02-13,completed,card
1584,18733,1417,2025-02-28,completed,atm
1585,18783,2186,2025-02-10,completed,wallet
1586,18899,631,2025-02-17,completed,atm
1587,18905,2301,2025-02-25,completed,atm
1588,18968,415,2025-02-13,cancelled,card
1589,18969,2369,2025-02-16,completed,card
1590,18976,124,2025-02-25,completed,card
1591,19085,510,2025-02-06,completed,card
1592,19290,823,2025-02-19,completed,card
1593,19291,1550,2025-02-18,completed,card
1594,19321,567,2025-02-04,completed,wallet
1595,19354,1376,2025-02-19,completed,card
1596,19356,2475,2025-02-15,completed,card
1597,19368,153,2025-02-18,refunded,card
1598,19373,2462,2025-02-07,completed,card
1599,19384,188,2025-02-25,completed,atm
1600,19400,2014,2025-02-08,completed,card
1601,19413,1331,2025-02-16,completed,atm
1602,19457,1299,2025-02-01,completed,card
1603,19464,927,2025-02-13,completed,atm
1604,19487,192,2025-02-22,completed,card
1605,19496,287,2025-02-09,completed,card
1606,19527,1283,2025-02-12,completed,card
1607,19571,2363,2025-02-14,completed,atm
1608,19600,849,2025-02-17,completed,card
1609,19608,2271,2025-02-20,completed,card
1610,19640,2046,2025-02-18,completed,card
1611,19647,1056,2025-02-24,completed,atm
1612,19659,424,2025-02-18,completed,wallet
1613,19713,1089,2025-02-26,completed,cod
1614,19719,978,2025-02-17,completed,wallet
1615,19729,600,2025-02-02,completed,card
1616,19752,2044,2025-02-14,completed,card
1617,19777,39,2025-02-20,completed,card
1618,19813,2136,2025-02-16,completed,card
1619,19853,1382,2025-02-27,completed,card
1620,19898,593,2025-02-22,completed,wallet
1621,19904,937,2025-02-13,completed,card
1622,19968,266,2025-02-24,completed,atm
1623,20026,1532,2025-02-17,refunded,card
1624,20028,565,2025-02-01,completed,cod
1625,20040,1510,2025-02-18,completed,wallet
1626,20053,1744,2025-02-21,completed,atm
1627,20058,2184,2025-02-07,completed,card
1628,20118,2,2025-02-25,completed,wallet
1629,20134,1198,2025-02-06,completed,card
1630,20169,1757,2025-02-02,completed,card
1631,20214,1166,2025-02-14,completed,atm
1632,20233,1972,2025-02-16,completed,atm
1633,20248,2422,2025-02-21,completed,wallet
1634,20251,2251,2025-02-25,completed,atm
1635,20264,1741,2025-02-22,completed,card
1636,20293,1616,2025-02-18,completed,card
1637,20294,1121,2025-02-18,completed,atm
1638,20363,1052,2025-02-17,completed,atm
1639,20373,656,2025-02-21,completed,card
1640,20385,426,2025-02-14,completed,atm
1641,20413,1883,2025-02-03,completed,card
1642,20427,2476,2025-02-15,completed,atm
1643,20470,1674,2025-02-22,completed,atm
1644,20493,1577,2025-02-14,completed,card
1645,20532,1298,2025-02-11,completed,card
1646,20569,751,2025-02-10,completed,atm
1647,20576,471,2025-02-16,completed,atm
1648,20734,2240,2025-02-12,completed,card
1649,20788,1515,2025-02-15,completed,wallet
1650,20815,1688,2025-02-25,completed,card
1651,20852,2012,2025-02-28,completed,card
1652,20889,1318,2025-02-14,completed,wallet
1653,20896,2336,2025-02-20,completed,wallet
1654,20903,2462,2025-02-17,completed,wallet
1655,20905,2329,2025-02-16,completed,card
1656,20908,1084,2025-02-21,completed,cod
1657,20915,935,2025-02-25,completed,card
1658,20953,327,2025-02-05,completed,card
1659,20975,857,2025-02-02,completed,cod
1660,20985,1272,2025-02-28,refunded,card
1661,20989,1803,2025-02-09,completed,card
1662,20996,1569,2025-02-14,completed,wallet
1663,21005,352,2025-02-04,completed,wallet
1664,21063,1348,2025-02-28,completed,card
1665,21071,50,2025-02-26,completed,card
1666,21077,1911,2025-02-20,completed,card
1667,21157,2243,2025-02-04,refunded,card
1668,21198,1075,2025-02-11,completed,card
1669,21219,2334,2025-02-15,completed,card
1670,21252,1187,2025-02-06,completed,card
1671,21276,464,2025-02-19,completed,card
1672,21285,655,2025-02-05,completed,atm
1673,21310,15,2025-02-05,completed,card
1674,21314,275,2025-02-08,completed,cod
1675,21321,1357,2025-02-14,completed,cod
1676,21329,1155,2025-02-14,completed,atm
1677,21349,768,2025-02-14,completed,card
1678,21410,836,2025-02-11,completed,atm
1679,21490,835,2025-02-21,completed,card
1680,21526,35,2025-02-25,completed,card
1681,21584,2195,2025-02-18,completed,card
1682,21643,367,2025-02-25,completed,cod
1683,21655,932,2025-02-23,completed,atm
1684,21754,2128,2025-02-23,completed,card
1685,21788,1719,2025-02-11,completed,card
1686,21862,2072,2025-02-09,completed,card
1687,21863,1006,2025-02-12,completed,wallet
1688,21888,397,2025-02-23,completed,atm
1689,21908,1780,2025-02-11,completed,cod
1690,21918,2361,2025-02-26,completed,atm
1691,21963,152,2025-02-14,completed,cod
1692,21990,162,2025-02-20,completed,atm
